3 days,5 days,7 days
0.03679760485681812,0.05377429102098522,0.06233471017104206
0.03474316927903125,0.05346663887944367,0.06583926553982165
0.03452119593508816,0.05301247085983297,0.06541543127447208
0.036131701430787797,0.05402516807446992,0.065695569729357
0.03912257027189985,0.0581297194866347,0.07110741049125728
0.03112491067871529,0.04132492712015531,0.04936858546703175
0.031757631556233276,0.047823460022441526,0.059982161866674336
